DQNModel/eps,DQNModel/loss,DQNModel/td_error,DQNModel/q_values/mean,DQNModel/q_values/max,DQNModel/q_values/min,Evaluation/reward/min,Evaluation/reward/mean,Evaluation/reward/median,reward,Evaluation/reward/max,Evaluation/length/min,Evaluation/length/mean,Evaluation/length/max,replay/Buffer/size,Online/total_steps,Online/episode_completed,Online/episodic_return,Online/episodic_length,epoch,step
0.9499271512031555,0.00016877618327271193,6.950435636099428e-05,-0.064775750041008,-0.008132826536893845,-0.07342779636383057,0,0.0,0.0,0.0,0,2501,2501.0,2501,15000,15000,5,0.2,2501.0,0,9999
0.849791407585144,4.9942213081521913e-05,-3.102136543020606e-05,-0.05394959822297096,0.06998421996831894,-0.0669502466917038,0,0.0,0.0,0.0,0,2501,2501.0,2501,25000,25000,9,0.3333333333333333,2501.0,1,19999
0.749655544757843,0.00011314544826745987,-3.137512976536527e-05,-0.03399406373500824,0.2071467489004135,-0.056690704077482224,2,15.4,17.0,15.4,29,2501,2501.0,2501,35000,35000,13,1.1,2501.0,2,29999
0.6495197415351868,0.0006165393861010671,-0.00010102234227815643,0.03829038515686989,0.576997697353363,-0.03597613051533699,5,16.8,15.5,16.8,31,2501,2501.0,2501,45000,45000,17,1.9,2501.0,3,39999
0.5493839979171753,0.0014520353870466352,-0.0002056205557892099,0.23163408041000366,0.9430433511734009,0.04607927054166794,2,15.6,16.5,15.6,23,2501,2501.0,2501,55000,55000,21,4.5,2501.0,4,49999
0.4492481052875519,0.0015522544272243977,-0.00015834957594051957,0.3942756950855255,1.1351423263549805,0.16544906795024872,9,22.3,21.0,22.3,32,2501,2501.0,2501,65000,65000,25,8.7,2501.0,5,59999
0.34911224246025085,0.0015835462836548686,-0.0001226249005412683,0.5185450315475464,1.232385277748108,0.2726288139820099,7,26.7,28.5,26.7,38,2501,2501.0,2501,75000,75000,29,11.9,2501.0,6,69999
0.24899587035179138,0.001708563999272883,-0.0001375629799440503,0.6270155310630798,1.381422519683838,0.3748880922794342,22,27.7,26.5,27.7,40,2501,2501.0,2501,85000,85000,33,15.0,2501.0,7,79999
0.1489962339401245,0.0019569413270801306,-0.00012933879042975605,0.7407498359680176,1.5314191579818726,0.4762018918991089,3,23.2,23.5,23.2,35,2501,2501.0,2501,95000,95000,37,19.0,2501.0,8,89999
0.10000000894069672,0.0023273031692951918,-0.0001324089098488912,0.8493058681488037,1.6616899967193604,0.5603931546211243,10,27.2,28.5,27.2,33,2501,2501.0,2501,100000,105000,41,24.6,2501.0,9,99999
0.10000000894069672,0.0023760469630360603,-0.00013911149289924651,0.9702734351158142,1.7391716241836548,0.6652738451957703,9,25.8,29.5,25.8,40,2501,2501.0,2501,100000,115000,45,26.1,2501.0,10,109999
0.10000000894069672,0.002336435718461871,-0.00010140664380742237,1.07064950466156,1.794723629951477,0.7592177391052246,1,16.9,16.0,16.9,28,2501,2501.0,2501,100000,125000,49,24.2,2501.0,11,119999
0.10000000894069672,0.0022534308955073357,-9.667772974353284e-05,1.1348118782043457,1.8687328100204468,0.818015992641449,34,37.6,37.5,37.6,42,2501,2501.0,2501,100000,135000,53,27.0,2501.0,12,129999
0.10000000894069672,0.002685735933482647,-9.7200034360867e-05,1.2199527025222778,1.9672009944915771,0.8779122829437256,28,33.6,33.5,33.6,40,2501,2501.0,2501,100000,145000,57,28.9,2501.0,13,139999
0.10000000894069672,0.00278104399330914,-7.605756400153041e-05,1.2748790979385376,2.0262672901153564,0.9192384481430054,13,28.8,31.0,28.8,38,2501,2501.0,2501,100000,155000,61,30.7,2501.0,14,149999
0.10000000894069672,0.003056224435567856,-6.157909956527874e-05,1.3561252355575562,2.0647311210632324,0.9664297103881836,4,21.3,23.0,21.3,29,2501,2501.0,2501,100000,165000,65,28.2,2501.0,15,159999
0.10000000894069672,0.0027359086088836193,-7.08136212779209e-05,1.4265906810760498,2.137774705886841,1.0453224182128906,25,30.1,30.5,30.1,35,2501,2501.0,2501,100000,175000,69,29.2,2501.0,16,169999
0.10000000894069672,0.002741757081821561,-2.4489772840752266e-05,1.4669227600097656,2.1982266902923584,1.0890592336654663,20,32.6,33.5,32.6,43,2501,2501.0,2501,100000,185000,73,28.3,2501.0,17,179999
0.10000000894069672,0.0027926964685320854,7.468157946277643e-06,1.5042848587036133,2.207038164138794,1.1231272220611572,6,14.1,15.0,14.1,20,2501,2501.0,2501,100000,195000,77,28.3,2501.0,18,189999
0.10000000894069672,0.002849662909284234,2.8427601137082092e-05,1.5448294878005981,2.249072551727295,1.1577690839767456,0,16.6,20.5,16.6,33,2501,2501.0,2501,100000,205000,81,27.5,2501.0,19,199999
0.10000000894069672,0.0031794277019798756,3.1589894206263125e-05,1.6191825866699219,2.318091869354248,1.2010983228683472,11,19.7,18.0,19.7,34,2501,2501.0,2501,100000,215000,85,26.2,2501.0,20,209999
0.10000000894069672,0.0029570411425083876,5.956870154477656e-05,1.6471689939498901,2.343822479248047,1.2534959316253662,10,28.0,29.5,28.0,39,2501,2501.0,2501,100000,225000,89,26.0,2501.0,21,219999
0.10000000894069672,0.0026234504766762257,5.997984408168122e-05,1.658859133720398,2.3635387420654297,1.287883996963501,23,28.7,28.5,28.7,36,2501,2501.0,2501,100000,235000,93,24.2,2501.0,22,229999
0.10000000894069672,0.0025444342754781246,5.208085713093169e-05,1.6487501859664917,2.350771903991699,1.293310284614563,7,25.7,28.0,25.7,41,2501,2501.0,2501,100000,245000,97,25.0,2501.0,23,239999
0.10000000894069672,0.002691759495064616,6.656005280092359e-05,1.684256672859192,2.390723466873169,1.313185691833496,7,25.8,29.5,25.8,36,2501,2501.0,2501,100000,255000,101,25.2,2501.0,24,249999
0.10000000894069672,0.0027575704734772444,6.983223283896223e-05,1.6913068294525146,2.38576078414917,1.3199266195297241,2,26.1,27.0,26.1,35,2501,2501.0,2501,100000,265000,105,22.5,2501.0,25,259999
0.10000000894069672,0.0027630655094981194,7.671873754588887e-05,1.699371099472046,2.3902342319488525,1.3157023191452026,11,28.3,30.0,28.3,34,2501,2501.0,2501,100000,275000,109,22.6,2501.0,26,269999
0.10000000894069672,0.0027369752060621977,6.936416320968419e-05,1.6860581636428833,2.3938870429992676,1.305149793624878,4,12.5,11.0,12.5,24,2501,2501.0,2501,100000,285000,113,24.4,2501.0,27,279999
0.10000000894069672,0.002591722412034869,7.500466017518193e-05,1.6719080209732056,2.372577428817749,1.300188660621643,19,24.2,23.5,24.2,31,2501,2501.0,2501,100000,295000,117,25.5,2501.0,28,289999
0.10000000894069672,0.002417269628494978,7.417052984237671e-05,1.6534833908081055,2.3442842960357666,1.2878438234329224,22,31.0,31.5,31.0,37,2501,2501.0,2501,100000,305000,121,24.9,2501.0,29,299999
0.10000000894069672,0.0025473698042333126,7.17775255907327e-05,1.6634607315063477,2.3478267192840576,1.294446587562561,0,7.9,6.5,7.9,20,2501,2501.0,2501,100000,315000,125,24.5,2501.0,30,309999
0.10000000894069672,0.0026918030343949795,6.656474579358473e-05,1.7145886421203613,2.400871992111206,1.3366237878799438,16,33.6,35.0,33.6,41,2501,2501.0,2501,100000,325000,129,22.5,2501.0,31,319999
0.10000000894069672,0.0026897485367953777,8.959243132267147e-05,1.7558029890060425,2.4544575214385986,1.3782269954681396,0,10.1,10.5,10.1,19,2501,2501.0,2501,100000,335000,133,23.7,2501.0,32,329999
0.10000000894069672,0.002534756436944008,0.00012102939217584208,1.7413984537124634,2.461326837539673,1.3836544752120972,2,22.9,24.5,22.9,36,2501,2501.0,2501,100000,345000,137,22.7,2501.0,33,339999
0.10000000894069672,0.0026559950783848763,0.0001181356783490628,1.7391173839569092,2.437591314315796,1.3746228218078613,22,30.3,29.5,30.3,38,2501,2501.0,2501,100000,355000,141,23.9,2501.0,34,349999
0.10000000894069672,0.0026535128708928823,0.000125787133583799,1.749337077140808,2.4461727142333984,1.3858493566513062,0,12.4,14.5,12.4,23,2501,2501.0,2501,100000,365000,145,22.4,2501.0,35,359999
0.10000000894069672,0.0026679306756705046,6.864978786325082e-05,1.7595752477645874,2.4580602645874023,1.3879363536834717,18,23.9,23.0,23.9,33,2501,2501.0,2501,100000,375000,149,24.0,2501.0,36,369999
0.10000000894069672,0.0026870043948292732,8.701283513801172e-05,1.7915695905685425,2.4950733184814453,1.4201005697250366,8,27.1,28.0,27.1,36,2501,2501.0,2501,100000,385000,153,25.1,2501.0,37,379999
0.10000000894069672,0.0026851820293813944,8.44416645122692e-05,1.7877521514892578,2.488954782485962,1.4166327714920044,7,23.3,25.5,23.3,34,2501,2501.0,2501,100000,395000,157,25.7,2501.0,38,389999
0.10000000894069672,0.0026326943188905716,0.00010480247874511406,1.772665023803711,2.476961851119995,1.409481406211853,0,18.9,21.0,18.9,33,2501,2501.0,2501,100000,405000,161,26.7,2501.0,39,399999
0.10000000894069672,0.0026757961604744196,9.270574810216203e-05,1.7639356851577759,2.467219352722168,1.399135947227478,29,33.2,32.5,33.2,42,2501,2501.0,2501,100000,415000,165,25.5,2501.0,40,409999
0.10000000894069672,0.0027531106024980545,0.00013030694390181452,1.7821831703186035,2.5011515617370605,1.4033105373382568,23,31.3,31.5,31.3,38,2501,2501.0,2501,100000,425000,169,22.2,2501.0,41,419999
0.10000000894069672,0.0028440384194254875,9.675550245447084e-05,1.7895305156707764,2.487978219985962,1.3994245529174805,5,13.9,13.5,13.9,24,2501,2501.0,2501,100000,435000,173,19.7,2501.0,42,429999
0.10000000894069672,0.002590468619018793,6.048520663171075e-05,1.7961900234222412,2.495738983154297,1.422049641609192,5,28.6,28.5,28.6,41,2501,2501.0,2501,100000,445000,177,20.0,2501.0,43,439999
0.10000000894069672,0.0026419349014759064,7.041815115371719e-05,1.801891803741455,2.509399890899658,1.4293172359466553,10,24.0,25.5,24.0,34,2501,2501.0,2501,100000,455000,181,21.0,2501.0,44,449999
0.10000000894069672,0.0026967055164277554,8.363695815205574e-05,1.8185867071151733,2.5280799865722656,1.4445267915725708,15,30.0,31.0,30.0,39,2501,2501.0,2501,100000,465000,185,24.6,2501.0,45,459999
0.10000000894069672,0.0026793547440320253,0.00011585249012568966,1.8327003717422485,2.5520355701446533,1.4667357206344604,9,18.7,18.0,18.7,24,2501,2501.0,2501,100000,475000,189,22.3,2501.0,46,469999
0.10000000894069672,0.002770198741927743,0.00012765312567353249,1.8062925338745117,2.508087396621704,1.445131778717041,2,16.1,19.0,16.1,26,2501,2501.0,2501,100000,485000,193,23.0,2501.0,47,479999
0.10000000894069672,0.002624401357024908,0.00014522105630021542,1.8056989908218384,2.49851131439209,1.4463328123092651,13,21.5,24.5,21.5,28,2501,2501.0,2501,100000,495000,197,23.6,2501.0,48,489999
0.10000000894069672,0.0025980824138969183,0.00012479971337597817,1.7834187746047974,2.5093114376068115,1.4237090349197388,23,30.9,30.0,30.9,40,2501,2501.0,2501,100000,505000,201,23.3,2501.0,49,499999
0.10000000894069672,0.0027604757342487574,8.14233353594318e-05,1.7785372734069824,2.4819493293762207,1.4176924228668213,3,23.1,26.5,23.1,30,2501,2501.0,2501,100000,515000,205,22.7,2501.0,50,509999
0.10000000894069672,0.0029874031897634268,0.00013875195872969925,1.7835910320281982,2.483597755432129,1.4026579856872559,2,15.9,18.0,15.9,26,2501,2501.0,2501,100000,525000,209,23.0,2501.0,51,519999
0.10000000894069672,0.002789729740470648,0.00011857591016450897,1.7688449621200562,2.450890302658081,1.3990978002548218,6,15.5,14.5,15.5,28,2501,2501.0,2501,100000,535000,213,22.1,2501.0,52,529999
0.10000000894069672,0.002761065261438489,8.750028064241633e-05,1.763859748840332,2.4605553150177,1.3972904682159424,3,20.8,24.0,20.8,28,2501,2501.0,2501,100000,545000,217,22.6,2501.0,53,539999
0.10000000894069672,0.002761567011475563,0.00011848335270769894,1.7431937456130981,2.4679300785064697,1.3802860975265503,2,16.7,17.5,16.7,25,2501,2501.0,2501,100000,555000,221,21.7,2501.0,54,549999
0.10000000894069672,0.0028980644419789314,0.00012360911932773888,1.707298994064331,2.3899450302124023,1.338333249092102,1,21.0,20.5,21.0,33,2501,2501.0,2501,100000,565000,225,21.3,2501.0,55,559999
0.10000000894069672,0.0027082115411758423,0.00012828389299102128,1.7157708406448364,2.4047417640686035,1.3545209169387817,15,28.0,28.5,28.0,38,2501,2501.0,2501,100000,575000,229,21.5,2501.0,56,569999
0.10000000894069672,0.0028453238774091005,0.00010827032383531332,1.7267992496490479,2.4275460243225098,1.3633339405059814,17,26.9,30.0,26.9,34,2501,2501.0,2501,100000,585000,233,22.8,2501.0,57,579999
0.10000000894069672,0.002780522219836712,0.00010590448073344305,1.7252023220062256,2.403226852416992,1.3607581853866577,18,27.3,27.5,27.3,35,2501,2501.0,2501,100000,595000,237,24.4,2501.0,58,589999
0.10000000894069672,0.0027305767871439457,0.0001221600832650438,1.703007459640503,2.3868250846862793,1.3498159646987915,9,27.2,30.0,27.2,34,2501,2501.0,2501,100000,605000,241,23.0,2501.0,59,599999
0.10000000894069672,0.0028278769459575415,0.0001049730199156329,1.7054390907287598,2.4134483337402344,1.3413792848587036,17,26.6,28.5,26.6,32,2501,2501.0,2501,100000,615000,245,23.7,2501.0,60,609999
0.10000000894069672,0.0029044176917523146,9.973190753953531e-05,1.7171294689178467,2.41232967376709,1.347232460975647,29,31.8,31.5,31.8,36,2501,2501.0,2501,100000,625000,249,24.3,2501.0,61,619999
0.10000000894069672,0.0028513381257653236,0.00011694121349137276,1.7362699508666992,2.430262804031372,1.3722050189971924,0,9.0,10.0,9.0,17,2501,2501.0,2501,100000,635000,253,22.9,2501.0,62,629999
0.10000000894069672,0.002717951312661171,9.298266377300024e-05,1.7281543016433716,2.4170122146606445,1.3701703548431396,7,21.1,21.0,21.1,33,2501,2501.0,2501,100000,645000,257,23.1,2501.0,63,639999
0.10000000894069672,0.0027893269434571266,0.00010555456537986174,1.7324888706207275,2.422048330307007,1.3686885833740234,12,30.2,33.5,30.2,42,2501,2501.0,2501,100000,655000,261,21.8,2501.0,64,649999
0.10000000894069672,0.002743513323366642,0.0001196934244944714,1.7427984476089478,2.4442503452301025,1.3769208192825317,10,23.6,24.5,23.6,36,2501,2501.0,2501,100000,665000,265,22.2,2501.0,65,659999
0.10000000894069672,0.002734196139499545,0.00010688429756555706,1.76375150680542,2.4729225635528564,1.3948882818222046,9,12.8,12.0,12.8,19,2501,2501.0,2501,100000,675000,269,23.8,2501.0,66,669999
0.10000000894069672,0.002781715476885438,0.00013792788377031684,1.763815999031067,2.458930015563965,1.3939639329910278,12,24.5,26.0,24.5,34,2501,2501.0,2501,100000,685000,273,22.9,2501.0,67,679999
0.10000000894069672,0.002743393648415804,0.0001584682904649526,1.743343710899353,2.4328551292419434,1.373918056488037,4,14.9,17.0,14.9,27,2501,2501.0,2501,100000,695000,277,21.3,2501.0,68,689999
0.10000000894069672,0.002671352820470929,0.00016043911455199122,1.742505431175232,2.4274208545684814,1.380050539970398,25,30.1,29.5,30.1,37,2501,2501.0,2501,100000,705000,281,22.1,2501.0,69,699999
0.10000000894069672,0.002723987912759185,0.00015073642134666443,1.7471808195114136,2.438467502593994,1.3817518949508667,0,15.4,18.5,15.4,24,2501,2501.0,2501,100000,715000,285,23.3,2501.0,70,709999
0.10000000894069672,0.0026424864772707224,0.00012894842075183988,1.739784598350525,2.424177646636963,1.3808704614639282,8,27.5,29.0,27.5,36,2501,2501.0,2501,100000,725000,289,24.6,2501.0,71,719999
0.10000000894069672,0.002932133385911584,0.00016047841927502304,1.7706571817398071,2.467121124267578,1.3986824750900269,2,22.8,24.0,22.8,40,2501,2501.0,2501,100000,735000,293,23.3,2501.0,72,729999
0.10000000894069672,0.0027838011737912893,0.00018229718261864036,1.7571476697921753,2.443618059158325,1.396823763847351,7,20.7,23.0,20.7,27,2501,2501.0,2501,100000,745000,297,24.4,2501.0,73,739999
0.10000000894069672,0.002726835198700428,0.00019055329903494567,1.7536275386810303,2.4396533966064453,1.3917537927627563,9,21.4,25.0,21.4,28,2501,2501.0,2501,100000,755000,301,22.8,2501.0,74,749999
0.10000000894069672,0.002613443648442626,0.00014545541489496827,1.7391550540924072,2.4135076999664307,1.3724650144577026,1,23.6,28.5,23.6,34,2501,2501.0,2501,100000,765000,305,24.1,2501.0,75,759999
0.10000000894069672,0.0027821355033665895,0.0001202463754452765,1.7393418550491333,2.4393041133880615,1.3607765436172485,1,23.4,28.0,23.4,35,2501,2501.0,2501,100000,775000,309,23.5,2501.0,76,769999
0.10000000894069672,0.00284344214014709,0.00012540738680399954,1.7431080341339111,2.4393675327301025,1.3554176092147827,18,30.5,30.5,30.5,38,2501,2501.0,2501,100000,785000,313,23.6,2501.0,77,779999
0.10000000894069672,0.002718893578276038,8.49735879455693e-05,1.7541289329528809,2.409821033477783,1.3608644008636475,30,35.3,34.5,35.3,44,2501,2501.0,2501,100000,795000,317,23.5,2501.0,78,789999
0.10000000894069672,0.0027670501731336117,8.489425090374425e-05,1.7566817998886108,2.4199140071868896,1.3535964488983154,28,34.2,35.0,34.2,38,2501,2501.0,2501,100000,805000,321,25.4,2501.0,79,799999
0.10000000894069672,0.00275053340010345,0.00014263093180488795,1.7513681650161743,2.417530059814453,1.3488054275512695,0,15.2,15.5,15.2,27,2501,2501.0,2501,100000,815000,325,26.3,2501.0,80,809999
0.10000000894069672,0.0026350237894803286,0.00011225978232687339,1.738895297050476,2.402225971221924,1.3429107666015625,21,36.7,38.0,36.7,43,2501,2501.0,2501,100000,825000,329,28.2,2501.0,81,819999
0.10000000894069672,0.002604701556265354,0.00012051837256876752,1.7176299095153809,2.389997959136963,1.3335670232772827,2,23.3,23.0,23.3,38,2501,2501.0,2501,100000,835000,333,28.5,2501.0,82,829999
0.10000000894069672,0.0028191509190946817,0.000149512619827874,1.7368680238723755,2.3925065994262695,1.3368182182312012,18,29.0,29.5,29.0,37,2501,2501.0,2501,100000,845000,337,27.4,2501.0,83,839999
0.10000000894069672,0.0027252694126218557,0.00010185221617575735,1.7542831897735596,2.4178879261016846,1.347686767578125,13,29.0,30.0,29.0,41,2501,2501.0,2501,100000,855000,341,23.6,2501.0,84,849999
0.10000000894069672,0.0027053714729845524,8.027962758205831e-05,1.7717394828796387,2.452969789505005,1.3631621599197388,26,34.4,36.5,34.4,39,2501,2501.0,2501,100000,865000,345,23.6,2501.0,85,859999
0.10000000894069672,0.0026499703526496887,0.00010940397623926401,1.7791156768798828,2.4679877758026123,1.3872874975204468,16,30.5,30.5,30.5,39,2501,2501.0,2501,100000,875000,349,25.4,2501.0,86,869999
0.10000000894069672,0.0026847426779568195,0.00011693876149365678,1.7804125547409058,2.452883005142212,1.3867870569229126,4,19.1,21.0,19.1,26,2501,2501.0,2501,100000,885000,353,25.8,2501.0,87,879999
0.10000000894069672,0.003021703800186515,9.816606325330213e-05,1.7981559038162231,2.4747188091278076,1.3767162561416626,0,24.8,27.5,24.8,34,2501,2501.0,2501,100000,895000,357,24.7,2501.0,88,889999
0.10000000894069672,0.002886934671550989,0.00011888525477843359,1.7934998273849487,2.4743270874023438,1.382914423942566,22,27.2,27.5,27.2,33,2501,2501.0,2501,100000,905000,361,24.0,2501.0,89,899999
0.10000000894069672,0.002939525991678238,5.126135511090979e-05,1.784536361694336,2.48419189453125,1.3797677755355835,13,27.8,29.5,27.8,35,2501,2501.0,2501,100000,915000,365,24.8,2501.0,90,909999
0.10000000894069672,0.0027235462330281734,0.00010693427611840889,1.7961677312850952,2.474010705947876,1.395825982093811,8,30.1,31.5,30.1,40,2501,2501.0,2501,100000,925000,369,25.2,2501.0,91,919999
0.10000000894069672,0.0029154904186725616,0.00014282860502135009,1.8098328113555908,2.472695827484131,1.3943138122558594,12,29.0,32.0,29.0,38,2501,2501.0,2501,100000,935000,373,27.5,2501.0,92,929999
0.10000000894069672,0.002779036294668913,0.00015059745055623353,1.8111082315444946,2.454319953918457,1.403520107269287,4,16.5,17.5,16.5,32,2501,2501.0,2501,100000,945000,377,26.9,2501.0,93,939999
0.10000000894069672,0.002743886783719063,0.0001105022311094217,1.8263624906539917,2.492396831512451,1.4208751916885376,19,28.6,30.0,28.6,34,2501,2501.0,2501,100000,955000,381,26.6,2501.0,94,949999
0.10000000894069672,0.0027329917065799236,0.0001529004512121901,1.8278958797454834,2.498430013656616,1.4282015562057495,18,31.7,33.5,31.7,41,2501,2501.0,2501,100000,965000,385,28.1,2501.0,95,959999
0.10000000894069672,0.002965085208415985,0.00019021616026293486,1.8441452980041504,2.510049819946289,1.4206910133361816,17,31.0,31.5,31.0,37,2501,2501.0,2501,100000,975000,389,27.7,2501.0,96,969999
0.10000000894069672,0.0028390365187078714,0.00013089441927149892,1.8744093179702759,2.5358660221099854,1.4492071866989136,8,24.2,26.0,24.2,32,2501,2501.0,2501,100000,985000,393,28.4,2501.0,97,979999
0.10000000894069672,0.002766459947451949,0.00015405236626975238,1.8690659999847412,2.5219218730926514,1.456968069076538,4,28.8,32.0,28.8,36,2501,2501.0,2501,100000,995000,397,26.6,2501.0,98,989999
0.10000000894069672,0.002604282693937421,9.646018588682637e-05,1.8749133348464966,2.551691770553589,1.4661729335784912,33,37.9,37.5,37.9,44,2501,2501.0,2501,100000,1005000,401,28.6,2501.0,99,999999
0.10000000894069672,0.002810003934428096,9.902267629513517e-05,1.907876968383789,2.5833206176757812,1.4849061965942383,9,22.9,26.5,22.9,32,2501,2501.0,2501,100000,1015000,405,29.9,2501.0,100,1009999
0.10000000894069672,0.003058082889765501,0.00017214074614457786,1.9365041255950928,2.5999786853790283,1.4890782833099365,6,28.1,30.0,28.1,41,2501,2501.0,2501,100000,1025000,409,28.6,2501.0,101,1019999
0.10000000894069672,0.0028667962178587914,0.00019511341815814376,1.9428576231002808,2.595728874206543,1.5150340795516968,9,28.4,33.0,28.4,39,2501,2501.0,2501,100000,1035000,413,28.1,2501.0,102,1029999
0.10000000894069672,0.0027601802721619606,0.0001604290446266532,1.943656086921692,2.621974229812622,1.5186353921890259,1,29.8,33.5,29.8,42,2501,2501.0,2501,100000,1045000,417,28.1,2501.0,103,1039999
0.10000000894069672,0.0026832197327166796,0.0002021215477725491,1.9419515132904053,2.6106679439544678,1.5192066431045532,8,18.3,18.5,18.3,31,2501,2501.0,2501,100000,1055000,421,27.4,2501.0,104,1049999
0.10000000894069672,0.002822666196152568,0.00020210740331094712,1.9365960359573364,2.621264696121216,1.5074843168258667,15,26.3,28.0,26.3,33,2501,2501.0,2501,100000,1065000,425,27.9,2501.0,105,1059999
0.10000000894069672,0.002920110011473298,0.0002262590714963153,1.942578673362732,2.593022346496582,1.50724196434021,20,30.8,33.0,30.8,38,2501,2501.0,2501,100000,1075000,429,28.4,2501.0,106,1069999
0.10000000894069672,0.002955041127279401,0.00025816820561885834,1.9536675214767456,2.603346109390259,1.522260308265686,23,32.5,34.0,32.5,39,2501,2501.0,2501,100000,1085000,433,27.2,2501.0,107,1079999
0.10000000894069672,0.0028544410597532988,0.00021080866281408817,1.9596905708312988,2.6098973751068115,1.5301520824432373,1,18.9,22.0,18.9,28,2501,2501.0,2501,100000,1095000,437,27.7,2501.0,108,1089999
0.10000000894069672,0.0028806503396481276,0.0002219890884589404,1.9669259786605835,2.6344125270843506,1.5447628498077393,29,37.4,38.0,37.4,45,2501,2501.0,2501,100000,1105000,441,28.6,2501.0,109,1099999
0.10000000894069672,0.003008185885846615,0.00018019005074165761,1.9859646558761597,2.6455397605895996,1.5377618074417114,32,41.0,42.0,41.0,48,2501,2501.0,2501,100000,1115000,445,29.7,2501.0,110,1109999
0.10000000894069672,0.0030262514483183622,0.00020702643087133765,2.008000612258911,2.6646151542663574,1.5528442859649658,6,16.7,17.5,16.7,23,2501,2501.0,2501,100000,1125000,449,29.8,2501.0,111,1119999
0.10000000894069672,0.002916879951953888,0.00019265127775724977,1.9999672174453735,2.663195848464966,1.5435690879821777,0,4.6,4.0,4.6,14,2501,2501.0,2501,100000,1135000,453,30.8,2501.0,112,1129999
0.10000000894069672,0.0028406770434230566,0.00019771371444221586,1.9838894605636597,2.6394968032836914,1.533129334449768,32,40.0,42.0,40.0,48,2501,2501.0,2501,100000,1145000,457,29.6,2501.0,113,1139999
0.10000000894069672,0.0028565223328769207,0.00023693231923971325,1.9669109582901,2.633423328399658,1.5077725648880005,1,33.9,39.5,33.9,46,2501,2501.0,2501,100000,1155000,461,31.1,2501.0,114,1149999
0.10000000894069672,0.0030092999804764986,0.0001600244577275589,1.9660176038742065,2.634770393371582,1.4879692792892456,17,34.2,36.5,34.2,47,2501,2501.0,2501,100000,1165000,465,31.3,2501.0,115,1159999
0.10000000894069672,0.0031418076250702143,0.00018360336252953857,2.012470245361328,2.662476062774658,1.5293937921524048,25,34.4,35.5,34.4,40,2501,2501.0,2501,100000,1175000,469,28.9,2501.0,116,1169999
0.10000000894069672,0.003037702990695834,0.00021467692567966878,2.0326430797576904,2.6785507202148438,1.5684024095535278,8,32.4,35.0,32.4,40,2501,2501.0,2501,100000,1185000,473,29.4,2501.0,117,1179999
0.10000000894069672,0.0029484224505722523,0.00026749694370664656,2.0044260025024414,2.6622493267059326,1.5526096820831299,0,21.8,25.0,21.8,29,2501,2501.0,2501,100000,1195000,477,30.4,2501.0,118,1189999
0.10000000894069672,0.002651167567819357,0.0001766327623045072,1.9821058511734009,2.6362102031707764,1.5427114963531494,36,39.4,38.5,39.4,43,2501,2501.0,2501,100000,1205000,481,30.3,2501.0,119,1199999
0.10000000894069672,0.0027854680083692074,0.0002426913706585765,1.9536855220794678,2.603300094604492,1.5157896280288696,23,35.0,35.5,35.0,44,2501,2501.0,2501,100000,1215000,485,32.1,2501.0,120,1209999
0.10000000894069672,0.0026623960584402084,0.0001591715554241091,1.9473744630813599,2.595914840698242,1.5163804292678833,10,40.7,46.0,40.7,49,2501,2501.0,2501,100000,1225000,489,32.1,2501.0,121,1219999
0.10000000894069672,0.003094268264248967,0.00027617625892162323,1.9731193780899048,2.616382122039795,1.5185439586639404,10,22.9,24.5,22.9,30,2501,2501.0,2501,100000,1235000,493,31.8,2501.0,122,1229999
0.10000000894069672,0.0029402105137705803,0.00026818725746124983,1.9926538467407227,2.633917808532715,1.545153021812439,38,42.8,42.0,42.8,47,2501,2501.0,2501,100000,1245000,497,31.3,2501.0,123,1239999
0.10000000894069672,0.0028303461149334908,0.00018086584168486297,2.009126901626587,2.6640236377716064,1.5674424171447754,16,36.8,39.5,36.8,46,2501,2501.0,2501,100000,1255000,501,32.6,2501.0,124,1249999
0.10000000894069672,0.002779814414680004,0.00023560314730275422,2.0063416957855225,2.656658172607422,1.5702643394470215,40,44.9,45.0,44.9,50,2501,2501.0,2501,100000,1265000,505,32.7,2501.0,125,1259999
0.10000000894069672,0.0028026264626532793,0.0002523883304093033,2.0214881896972656,2.671342372894287,1.5926461219787598,11,35.0,38.5,35.0,47,2501,2501.0,2501,100000,1275000,509,32.3,2501.0,126,1269999
0.10000000894069672,0.002862819703295827,0.0002539584820624441,2.035367250442505,2.6987006664276123,1.6111031770706177,31,41.7,42.0,41.7,49,2501,2501.0,2501,100000,1285000,513,34.4,2501.0,127,1279999
0.10000000894069672,0.003083073766902089,0.0002908828610088676,2.062084197998047,2.710390090942383,1.6054046154022217,16,38.6,41.5,38.6,45,2501,2501.0,2501,100000,1295000,517,34.9,2501.0,128,1289999
0.10000000894069672,0.003006970975548029,0.0002538461412768811,2.078732490539551,2.7381694316864014,1.623430609703064,15,35.7,39.0,35.7,46,2501,2501.0,2501,100000,1305000,521,35.1,2501.0,129,1299999
0.10000000894069672,0.0029734857380390167,0.0002551659708842635,2.105559825897217,2.74682879447937,1.6505788564682007,32,38.9,39.5,38.9,43,2501,2501.0,2501,100000,1315000,525,34.1,2501.0,130,1309999
0.10000000894069672,0.0028462340123951435,0.0002571197401266545,2.1158242225646973,2.7595834732055664,1.6747281551361084,16,37.1,38.5,37.1,43,2501,2501.0,2501,100000,1325000,529,33.2,2501.0,131,1319999
0.10000000894069672,0.002790621481835842,0.00033851517946459353,2.106309652328491,2.757059335708618,1.6760574579238892,3,15.9,17.0,15.9,23,2501,2501.0,2501,100000,1335000,533,33.1,2501.0,132,1329999
0.10000000894069672,0.0027405249420553446,0.0002446972648613155,2.08331561088562,2.74002742767334,1.656891942024231,2,40.0,44.0,40.0,50,2501,2501.0,2501,100000,1345000,537,32.2,2501.0,133,1339999
0.10000000894069672,0.002967646811157465,0.00031110396957956254,2.091423749923706,2.7424581050872803,1.651045560836792,23,33.8,35.5,33.8,42,2501,2501.0,2501,100000,1355000,541,31.0,2501.0,134,1349999
0.10000000894069672,0.002969540422782302,0.00034386254264973104,2.075659990310669,2.7092387676239014,1.6354889869689941,13,37.8,39.0,37.8,47,2501,2501.0,2501,100000,1365000,545,28.7,2501.0,135,1359999
0.10000000894069672,0.0030726802069693804,0.0002775727189145982,2.0935657024383545,2.741194725036621,1.6411970853805542,36,41.3,41.5,41.3,46,2501,2501.0,2501,100000,1375000,549,30.4,2501.0,136,1369999
0.10000000894069672,0.0029339834582060575,0.0002788822166621685,2.081883430480957,2.7424302101135254,1.632718801498413,35,42.6,43.0,42.6,50,2501,2501.0,2501,100000,1385000,553,30.9,2501.0,137,1379999
0.10000000894069672,0.003054723609238863,0.000323985907016322,2.083820343017578,2.732286214828491,1.637557029724121,23,34.2,34.0,34.2,44,2501,2501.0,2501,100000,1395000,557,32.0,2501.0,138,1389999
0.10000000894069672,0.0030293965246528387,0.0003030930529348552,2.064387083053589,2.7080438137054443,1.6168415546417236,3,18.4,20.5,18.4,30,2501,2501.0,2501,100000,1405000,561,31.6,2501.0,139,1399999
0.10000000894069672,0.002927368273958564,0.0002770971041172743,2.061654567718506,2.694314479827881,1.6187978982925415,14,33.7,37.0,33.7,40,2501,2501.0,2501,100000,1415000,565,31.6,2501.0,140,1409999
0.10000000894069672,0.0027183948550373316,0.00026501688989810646,2.0602965354919434,2.708625078201294,1.623955488204956,24,35.1,36.0,35.1,42,2501,2501.0,2501,100000,1425000,569,34.4,2501.0,141,1419999
0.10000000894069672,0.0029637182597070932,0.00026410023565404117,2.0378425121307373,2.697093963623047,1.5831574201583862,38,43.7,43.5,43.7,49,2501,2501.0,2501,100000,1435000,573,35.8,2501.0,142,1429999
0.10000000894069672,0.002949677174910903,0.00021676898177247494,2.0425362586975098,2.6844987869262695,1.5737251043319702,27,37.5,37.5,37.5,44,2501,2501.0,2501,100000,1445000,577,36.4,2501.0,143,1439999
0.10000000894069672,0.0029801942873746157,0.0002645326603669673,2.060560464859009,2.7051994800567627,1.5914006233215332,8,34.4,40.5,34.4,45,2501,2501.0,2501,100000,1455000,581,34.4,2501.0,144,1449999
0.10000000894069672,0.002842170652002096,0.00025366575573571026,2.0616281032562256,2.7089309692382812,1.611169695854187,10,34.8,35.5,34.8,42,2501,2501.0,2501,100000,1465000,585,32.7,2501.0,145,1459999
0.10000000894069672,0.0029079485684633255,0.0002547610201872885,2.0574047565460205,2.697373151779175,1.5968401432037354,30,38.7,40.0,38.7,47,2501,2501.0,2501,100000,1475000,589,33.9,2501.0,146,1469999
0.10000000894069672,0.002765958197414875,0.00020584111916832626,2.0690550804138184,2.7118594646453857,1.6076505184173584,16,24.9,25.5,24.9,32,2501,2501.0,2501,100000,1485000,593,35.4,2501.0,147,1479999
0.10000000894069672,0.0028713620267808437,0.00022766950132790953,2.067420721054077,2.7156925201416016,1.597828984260559,33,40.3,41.0,40.3,46,2501,2501.0,2501,100000,1495000,597,34.6,2501.0,148,1489999
0.10000000894069672,0.0029929764568805695,0.0002448815503157675,2.0693516731262207,2.6973259449005127,1.5840710401535034,37,44.6,45.0,44.6,52,2501,2501.0,2501,100000,1505000,601,34.5,2501.0,149,1499999
0.10000000894069672,0.002943614264950156,0.00026436024927534163,2.073723554611206,2.697175979614258,1.594651699066162,31,40.8,42.5,40.8,47,2501,2501.0,2501,100000,1515000,605,34.2,2501.0,150,1509999
0.10000000894069672,0.0028092777356505394,0.0002741041244007647,2.0833799839019775,2.7105953693389893,1.6081910133361816,41,44.1,43.0,44.1,49,2501,2501.0,2501,100000,1525000,609,36.7,2501.0,151,1519999
0.10000000894069672,0.0028741564601659775,0.0002796213957481086,2.0807127952575684,2.7240147590637207,1.6044330596923828,44,49.1,49.0,49.1,53,2501,2501.0,2501,100000,1535000,613,36.7,2501.0,152,1529999
0.10000000894069672,0.0028542380314320326,0.0002559032873250544,2.0967025756835938,2.7337350845336914,1.6196900606155396,21,36.5,40.5,36.5,43,2501,2501.0,2501,100000,1545000,617,36.4,2501.0,153,1539999
0.10000000894069672,0.0028797141276299953,0.0003356250817887485,2.0973167419433594,2.7309324741363525,1.623287320137024,39,46.4,46.5,46.4,53,2501,2501.0,2501,100000,1555000,621,36.1,2501.0,154,1549999
0.10000000894069672,0.0029529258608818054,0.00025312320212833583,2.1251039505004883,2.75698184967041,1.6320708990097046,14,36.8,39.5,36.8,45,2501,2501.0,2501,100000,1565000,625,36.4,2501.0,155,1559999
0.10000000894069672,0.0029736030846834183,0.00028311312780715525,2.1435582637786865,2.768079996109009,1.6478804349899292,12,37.8,41.5,37.8,48,2501,2501.0,2501,100000,1575000,629,35.2,2501.0,156,1569999
0.10000000894069672,0.0029156894888728857,0.00025123561499640346,2.1689019203186035,2.803178548812866,1.6880298852920532,36,42.7,43.0,42.7,47,2501,2501.0,2501,100000,1585000,633,34.6,2501.0,157,1579999
0.10000000894069672,0.0027707205154001713,0.000248149735853076,2.18304443359375,2.798123359680176,1.7232987880706787,19,37.3,39.0,37.3,44,2501,2501.0,2501,100000,1595000,637,36.3,2501.0,158,1589999
0.10000000894069672,0.002982816891744733,0.0004495640750974417,2.1743085384368896,2.818690776824951,1.7204312086105347,15,38.5,40.0,38.5,48,2501,2501.0,2501,100000,1605000,641,36.1,2501.0,159,1599999
0.10000000894069672,0.0027070948854088783,0.0002489087055437267,2.165724277496338,2.7980597019195557,1.7124431133270264,32,43.5,45.0,43.5,50,2501,2501.0,2501,100000,1615000,645,37.8,2501.0,160,1609999
0.10000000894069672,0.0027296156622469425,0.00024261308135464787,2.1692492961883545,2.8318071365356445,1.7235558032989502,42,45.6,46.0,45.6,50,2501,2501.0,2501,100000,1625000,649,38.1,2501.0,161,1619999
0.10000000894069672,0.0028827323112636805,0.00032498265500180423,2.175004005432129,2.8154795169830322,1.7240068912506104,5,32.8,37.5,32.8,41,2501,2501.0,2501,100000,1635000,653,36.2,2501.0,162,1629999
0.10000000894069672,0.0028743392322212458,0.00025380431907251477,2.1788315773010254,2.821148157119751,1.7282605171203613,27,39.1,40.5,39.1,48,2501,2501.0,2501,100000,1645000,657,34.6,2501.0,163,1639999
0.10000000894069672,0.0031359591521322727,0.00036386967985890806,2.187365770339966,2.8366801738739014,1.7353123426437378,34,42.4,42.5,42.4,51,2501,2501.0,2501,100000,1655000,661,35.8,2501.0,164,1649999
0.10000000894069672,0.0029855079483240843,0.0002994097594637424,2.1743505001068115,2.804300308227539,1.7210102081298828,39,42.3,42.0,42.3,48,2501,2501.0,2501,100000,1665000,665,36.3,2501.0,165,1659999
0.10000000894069672,0.0029358486644923687,0.00037338610854931176,2.171987771987915,2.8143348693847656,1.7254436016082764,43,47.4,47.0,47.4,54,2501,2501.0,2501,100000,1675000,669,36.3,2501.0,166,1669999
0.10000000894069672,0.0028990302234888077,0.0002759333001449704,2.1810293197631836,2.818385362625122,1.7235376834869385,29,42.8,44.0,42.8,55,2501,2501.0,2501,100000,1685000,673,38.0,2501.0,167,1679999
0.10000000894069672,0.003034659894183278,0.0003924171905964613,2.2048041820526123,2.8386785984039307,1.7379738092422485,26,45.1,49.0,45.1,51,2501,2501.0,2501,100000,1695000,677,39.2,2501.0,168,1689999
0.10000000894069672,0.002883062232285738,0.00026438303757458925,2.2235069274902344,2.859112024307251,1.751367211341858,40,47.9,46.0,47.9,54,2501,2501.0,2501,100000,1705000,681,39.5,2501.0,169,1699999
0.10000000894069672,0.0029863074887543917,0.00030482184956781566,2.2412805557250977,2.863377332687378,1.7651970386505127,13,43.7,47.0,43.7,51,2501,2501.0,2501,100000,1715000,685,39.3,2501.0,170,1709999
0.10000000894069672,0.0029383087530732155,0.00035525718703866005,2.244490385055542,2.860844135284424,1.7667232751846313,37,46.5,47.0,46.5,51,2501,2501.0,2501,100000,1725000,689,39.1,2501.0,171,1719999
0.10000000894069672,0.0029351296834647655,0.0003360974369570613,2.2673423290252686,2.9003913402557373,1.7857539653778076,33,43.2,43.5,43.2,48,2501,2501.0,2501,100000,1735000,693,38.4,2501.0,172,1729999
0.10000000894069672,0.002840848406776786,0.00029634067323058844,2.259214401245117,2.894843339920044,1.7858654260635376,45,49.5,49.5,49.5,56,2501,2501.0,2501,100000,1745000,697,38.5,2501.0,173,1739999
0.10000000894069672,0.002978054340928793,0.0004133179609198123,2.25708270072937,2.8709089756011963,1.7691411972045898,39,45.0,45.0,45.0,49,2501,2501.0,2501,100000,1755000,701,38.2,2501.0,174,1749999
0.10000000894069672,0.0028954423032701015,0.00037263493868522346,2.2588512897491455,2.8859076499938965,1.7770696878433228,36,43.1,43.5,43.1,49,2501,2501.0,2501,100000,1765000,705,38.2,2501.0,175,1759999
0.10000000894069672,0.0029158275574445724,0.0003809954214375466,2.2491495609283447,2.8593130111694336,1.7753114700317383,44,48.1,48.0,48.1,52,2501,2501.0,2501,100000,1775000,709,37.1,2501.0,176,1769999
0.10000000894069672,0.0028345368336886168,0.00040512418490834534,2.262627363204956,2.8769266605377197,1.8012847900390625,42,46.9,47.5,46.9,52,2501,2501.0,2501,100000,1785000,713,36.8,2501.0,177,1779999
0.10000000894069672,0.0029549708124250174,0.0004552965983748436,2.2482075691223145,2.8928780555725098,1.7913249731063843,18,38.4,41.5,38.4,43,2501,2501.0,2501,100000,1795000,717,34.4,2501.0,178,1789999
0.10000000894069672,0.0029252038802951574,0.00041087932186201215,2.231855630874634,2.8533713817596436,1.769831657409668,35,42.5,42.0,42.5,48,2501,2501.0,2501,100000,1805000,721,36.0,2501.0,179,1799999
0.10000000894069672,0.0029616286046802998,0.00040216644993051887,2.2193803787231445,2.864203691482544,1.7428900003433228,20,45.0,49.0,45.0,54,2501,2501.0,2501,100000,1815000,725,36.2,2501.0,180,1809999
0.10000000894069672,0.0029836634639650583,0.0003983379283454269,2.206382989883423,2.8401246070861816,1.738689661026001,37,46.4,48.0,46.4,53,2501,2501.0,2501,100000,1825000,729,38.7,2501.0,181,1819999
0.10000000894069672,0.0028047969099134207,0.0003272714384365827,2.2003018856048584,2.841407060623169,1.719452977180481,8,38.9,42.0,38.9,46,2501,2501.0,2501,100000,1835000,733,38.6,2501.0,182,1829999
0.10000000894069672,0.002911025658249855,0.0002861947868950665,2.2367584705352783,2.866525173187256,1.730436086654663,43,45.2,44.5,45.2,49,2501,2501.0,2501,100000,1845000,737,37.5,2501.0,183,1839999
0.10000000894069672,0.0029176303651183844,0.0003360376867931336,2.251105546951294,2.8840513229370117,1.7473154067993164,41,47.2,48.0,47.2,51,2501,2501.0,2501,100000,1855000,741,38.6,2501.0,184,1849999
0.10000000894069672,0.0030201601330190897,0.0003874383110087365,2.2543296813964844,2.8867127895355225,1.766025424003601,43,45.7,45.5,45.7,49,2501,2501.0,2501,100000,1865000,745,38.1,2501.0,185,1859999
0.10000000894069672,0.002770091639831662,0.00035170241608284414,2.2447116374969482,2.86861252784729,1.7709370851516724,32,39.9,41.0,39.9,46,2501,2501.0,2501,100000,1875000,749,39.5,2501.0,186,1869999
0.10000000894069672,0.002816397463902831,0.00035746622597798705,2.2448346614837646,2.879882574081421,1.776344895362854,41,45.4,45.5,45.4,50,2501,2501.0,2501,100000,1885000,753,40.4,2501.0,187,1879999
0.10000000894069672,0.002998746233060956,0.0003914397384505719,2.23384428024292,2.8453829288482666,1.7506355047225952,40,44.2,44.5,44.2,48,2501,2501.0,2501,100000,1895000,757,38.3,2501.0,188,1889999
0.10000000894069672,0.00298342970199883,0.00038519169902428985,2.265310764312744,2.890350341796875,1.77973473072052,45,49.0,49.0,49.0,52,2501,2501.0,2501,100000,1905000,761,36.3,2501.0,189,1899999
0.10000000894069672,0.0028280867263674736,0.00034771201899275184,2.2767579555511475,2.913975954055786,1.7906500101089478,40,46.8,47.5,46.8,53,2501,2501.0,2501,100000,1915000,765,36.6,2501.0,190,1909999
0.10000000894069672,0.002884667832404375,0.0004783778276760131,2.2673659324645996,2.8812294006347656,1.780928134918213,39,47.4,46.5,47.4,53,2501,2501.0,2501,100000,1925000,769,38.0,2501.0,191,1919999
0.10000000894069672,0.0028151092119514942,0.00036145912599749863,2.251190185546875,2.881943464279175,1.7484877109527588,18,42.9,45.5,42.9,52,2501,2501.0,2501,100000,1935000,773,38.0,2501.0,192,1929999
0.10000000894069672,0.00285241543315351,0.0003560432814992964,2.2528932094573975,2.88077449798584,1.7627222537994385,29,38.6,39.0,38.6,48,2501,2501.0,2501,100000,1945000,777,37.5,2501.0,193,1939999
0.10000000894069672,0.0027479121927171946,0.0003416665131226182,2.2434797286987305,2.8724446296691895,1.7621283531188965,37,45.5,45.0,45.5,53,2501,2501.0,2501,100000,1955000,781,39.2,2501.0,194,1949999
0.10000000894069672,0.002885411260649562,0.0002840195666067302,2.2657783031463623,2.90849232673645,1.7796233892440796,33,45.5,47.5,45.5,53,2501,2501.0,2501,100000,1965000,785,38.3,2501.0,195,1959999
0.10000000894069672,0.002931963885203004,0.0003394426603335887,2.2644121646881104,2.8850016593933105,1.7673462629318237,29,43.3,43.0,43.3,50,2501,2501.0,2501,100000,1975000,789,37.0,2501.0,196,1969999
0.10000000894069672,0.002829848090186715,0.00034911499824374914,2.27732515335083,2.8882718086242676,1.788792371749878,45,49.0,49.0,49.0,56,2501,2501.0,2501,100000,1985000,793,37.7,2501.0,197,1979999
0.10000000894069672,0.002828186145052314,0.0003002927405759692,2.2904932498931885,2.925962209701538,1.8130390644073486,7,33.2,36.5,33.2,43,2501,2501.0,2501,100000,1995000,797,37.9,2501.0,198,1989999
0.10000000894069672,0.0027490765787661076,0.00032231994555331767,2.2870471477508545,2.916203498840332,1.816282033920288,37,43.8,44.0,43.8,47,2501,2501.0,2501,100000,2005000,801,37.2,2501.0,199,1999999
0.10000000894069672,0.0028391736559569836,0.000339904916472733,2.287736654281616,2.924797534942627,1.8125535249710083,0,40.0,44.0,40.0,47,2501,2501.0,2501,100000,2015000,805,36.4,2501.0,200,2009999
0.10000000894069672,0.0028858573641628027,0.0003611278079915792,2.298172950744629,2.9119784832000732,1.8184351921081543,42,45.4,45.5,45.4,49,2501,2501.0,2501,100000,2025000,809,36.1,2501.0,201,2019999
0.10000000894069672,0.0028185416013002396,0.00035171915078535676,2.300435781478882,2.9029428958892822,1.8231501579284668,26,42.2,43.0,42.2,51,2501,2501.0,2501,100000,2035000,813,36.6,2501.0,202,2029999
0.10000000894069672,0.0027667954564094543,0.00029687213827855885,2.3030407428741455,2.9448485374450684,1.838050365447998,24,44.9,46.5,44.9,53,2501,2501.0,2501,100000,2045000,817,35.5,2501.0,203,2039999
0.10000000894069672,0.0028885998763144016,0.0003278750227764249,2.3052151203155518,2.93119478225708,1.8324754238128662,37,47.9,47.5,47.9,55,2501,2501.0,2501,100000,2055000,821,36.0,2501.0,204,2049999
0.10000000894069672,0.002797734457999468,0.0003697374777402729,2.2901992797851562,2.910371780395508,1.8089183568954468,4,42.6,47.5,42.6,52,2501,2501.0,2501,100000,2065000,825,37.8,2501.0,205,2059999
0.10000000894069672,0.0026637353003025055,0.00041315803537145257,2.2573888301849365,2.9037766456604004,1.8125308752059937,47,49.7,49.0,49.7,54,2501,2501.0,2501,100000,2075000,829,38.4,2501.0,206,2069999
0.10000000894069672,0.002882524859160185,0.0004692990332841873,2.248471975326538,2.886583089828491,1.7831679582595825,39,45.4,45.0,45.4,53,2501,2501.0,2501,100000,2085000,833,38.3,2501.0,207,2079999
0.10000000894069672,0.0029098503291606903,0.00043057536822743714,2.251176118850708,2.8775980472564697,1.7708085775375366,41,46.6,46.5,46.6,54,2501,2501.0,2501,100000,2095000,837,38.2,2501.0,208,2089999
0.10000000894069672,0.002895205281674862,0.0003931724058929831,2.2500832080841064,2.884415626525879,1.7626653909683228,46,50.5,51.5,50.5,54,2501,2501.0,2501,100000,2105000,841,38.4,2501.0,209,2099999
0.10000000894069672,0.0028675526846200228,0.0004955212934873998,2.2413454055786133,2.8586063385009766,1.773551344871521,35,45.9,46.5,45.9,51,2501,2501.0,2501,100000,2115000,845,39.0,2501.0,210,2109999
0.10000000894069672,0.0028880988247692585,0.00039418000960722566,2.251091241836548,2.880509853363037,1.7773226499557495,5,28.0,32.5,28.0,38,2501,2501.0,2501,100000,2125000,849,38.8,2501.0,211,2119999
0.10000000894069672,0.002906938549131155,0.00042504805605858564,2.245373249053955,2.8703465461730957,1.7612545490264893,47,50.4,50.5,50.4,54,2501,2501.0,2501,100000,2135000,853,38.9,2501.0,212,2129999
0.10000000894069672,0.002866288647055626,0.00036883604479953647,2.258147716522217,2.8949339389801025,1.7731624841690063,49,51.8,52.0,51.8,56,2501,2501.0,2501,100000,2145000,857,39.2,2501.0,213,2139999
0.10000000894069672,0.0027666492387652397,0.00039314781315624714,2.2626986503601074,2.89005970954895,1.7782588005065918,43,47.3,47.0,47.3,52,2501,2501.0,2501,100000,2155000,861,39.9,2501.0,214,2149999
0.10000000894069672,0.0029020642396062613,0.0004467736289370805,2.255476236343384,2.879676580429077,1.7591112852096558,0,33.4,39.0,33.4,43,2501,2501.0,2501,100000,2165000,865,40.4,2501.0,215,2159999
0.10000000894069672,0.0025708507746458054,0.0002982193254865706,2.2593038082122803,2.8801751136779785,1.781354308128357,38,49.4,49.5,49.4,59,2501,2501.0,2501,100000,2175000,869,41.0,2501.0,216,2169999
0.10000000894069672,0.002599263098090887,0.0004112744936719537,2.2650861740112305,2.894296169281006,1.8061374425888062,45,50.7,50.0,50.7,58,2501,2501.0,2501,100000,2185000,873,41.6,2501.0,217,2179999
0.10000000894069672,0.0027733289171010256,0.0004015123413410038,2.256103038787842,2.879122018814087,1.7675081491470337,42,48.2,49.0,48.2,52,2501,2501.0,2501,100000,2195000,877,42.6,2501.0,218,2189999
0.10000000894069672,0.002780032576993108,0.00036401496618054807,2.2669332027435303,2.8700814247131348,1.7738816738128662,30,46.3,48.5,46.3,53,2501,2501.0,2501,100000,2205000,881,42.4,2501.0,219,2199999
0.10000000894069672,0.002788287354633212,0.0004382451588753611,2.260462522506714,2.8717527389526367,1.773756980895996,36,46.2,47.5,46.2,53,2501,2501.0,2501,100000,2215000,885,42.8,2501.0,220,2209999
0.10000000894069672,0.0028094921726733446,0.00045837025390937924,2.245352029800415,2.8506600856781006,1.7579764127731323,34,45.8,45.5,45.8,53,2501,2501.0,2501,100000,2225000,889,41.5,2501.0,221,2219999
0.10000000894069672,0.002721367171034217,0.00032807711977511644,2.2539801597595215,2.8608739376068115,1.774548053741455,38,48.0,49.0,48.0,54,2501,2501.0,2501,100000,2235000,893,40.9,2501.0,222,2229999
0.10000000894069672,0.002604858484119177,0.0003536375006660819,2.2769179344177246,2.898444652557373,1.8089629411697388,47,50.0,49.5,50.0,54,2501,2501.0,2501,100000,2245000,897,40.5,2501.0,223,2239999
0.10000000894069672,0.0026146769523620605,0.0003757820522878319,2.2815098762512207,2.907104969024658,1.8250197172164917,48,52.0,51.5,52.0,63,2501,2501.0,2501,100000,2255000,901,39.7,2501.0,224,2249999
0.10000000894069672,0.0026141279377043247,0.0003289467131253332,2.2909095287323,2.8994052410125732,1.8176734447479248,40,43.8,45.0,43.8,47,2501,2501.0,2501,100000,2265000,905,38.5,2501.0,225,2259999
0.10000000894069672,0.00278631248511374,0.00036936832475475967,2.3008339405059814,2.9071104526519775,1.809709906578064,37,43.1,43.0,43.1,48,2501,2501.0,2501,100000,2275000,909,37.7,2501.0,226,2269999
0.10000000894069672,0.002807151060551405,0.00040881766472011805,2.3182082176208496,2.9104952812194824,1.8257616758346558,41,47.4,47.5,47.4,52,2501,2501.0,2501,100000,2285000,913,36.8,2501.0,227,2279999
0.10000000894069672,0.0026562358252704144,0.0003761381667573005,2.3315277099609375,2.94165301322937,1.852675437927246,41,48.3,49.0,48.3,53,2501,2501.0,2501,100000,2295000,917,38.8,2501.0,228,2289999
0.10000000894069672,0.0027369633316993713,0.0005252044647932053,2.3194921016693115,2.9424753189086914,1.8653744459152222,29,42.3,43.0,42.3,52,2501,2501.0,2501,100000,2305000,921,38.4,2501.0,229,2299999
0.10000000894069672,0.002841297071427107,0.00047234020894393325,2.3298516273498535,2.9644463062286377,1.8577953577041626,34,43.5,44.0,43.5,47,2501,2501.0,2501,100000,2315000,925,39.3,2501.0,230,2309999
0.10000000894069672,0.002802664879709482,0.00044630226329900324,2.306642532348633,2.9174160957336426,1.8187865018844604,41,48.4,49.0,48.4,53,2501,2501.0,2501,100000,2325000,929,39.6,2501.0,231,2319999
0.10000000894069672,0.0027411968912929296,0.0004289873468223959,2.2905688285827637,2.8967323303222656,1.797590970993042,18,41.9,44.5,41.9,48,2501,2501.0,2501,100000,2335000,933,41.0,2501.0,232,2329999
0.10000000894069672,0.00275109289214015,0.00042290991405025125,2.2887771129608154,2.8961191177368164,1.8056790828704834,48,50.8,50.5,50.8,55,2501,2501.0,2501,100000,2345000,937,40.4,2501.0,233,2339999
0.10000000894069672,0.002765231067314744,0.00045488690375350416,2.287121057510376,2.9045372009277344,1.811665654182434,15,42.8,45.5,42.8,50,2501,2501.0,2501,100000,2355000,941,39.4,2501.0,234,2349999
0.10000000894069672,0.0026361458003520966,0.00038442807272076607,2.2773616313934326,2.9077398777008057,1.811004877090454,6,19.7,22.0,19.7,28,2501,2501.0,2501,100000,2365000,945,40.5,2501.0,235,2359999
0.10000000894069672,0.002732924185693264,0.0003906005877070129,2.271982431411743,2.8941028118133545,1.786891222000122,40,49.3,50.5,49.3,56,2501,2501.0,2501,100000,2375000,949,40.9,2501.0,236,2369999
0.10000000894069672,0.002662865910679102,0.00036260648630559444,2.2708678245544434,2.892765760421753,1.785794973373413,42,48.1,48.5,48.1,54,2501,2501.0,2501,100000,2385000,953,41.1,2501.0,237,2379999
0.10000000894069672,0.0026102198753505945,0.0003640567301772535,2.248994827270508,2.886080503463745,1.7613393068313599,42,48.1,49.0,48.1,51,2501,2501.0,2501,100000,2395000,957,40.4,2501.0,238,2389999
0.10000000894069672,0.0028954532463103533,0.0004587994480971247,2.2703490257263184,2.897294044494629,1.765738844871521,46,51.3,52.0,51.3,54,2501,2501.0,2501,100000,2405000,961,40.0,2501.0,239,2399999
0.10000000894069672,0.0027777201030403376,0.0003891474916599691,2.2802629470825195,2.8961448669433594,1.7545254230499268,35,47.3,48.0,47.3,56,2501,2501.0,2501,100000,2415000,965,40.4,2501.0,240,2409999
0.10000000894069672,0.002728665480390191,0.0003489684022497386,2.2765212059020996,2.8849003314971924,1.7365373373031616,45,49.6,50.0,49.6,55,2501,2501.0,2501,100000,2425000,969,39.2,2501.0,241,2419999
0.10000000894069672,0.0025944102089852095,0.00034949686960317194,2.278336763381958,2.898486852645874,1.7527154684066772,42,48.6,48.5,48.6,54,2501,2501.0,2501,100000,2435000,973,40.4,2501.0,242,2429999
0.10000000894069672,0.002772883279249072,0.0004250512574799359,2.2806577682495117,2.917383909225464,1.7718487977981567,11,43.9,47.5,43.9,51,2501,2501.0,2501,100000,2445000,977,40.9,2501.0,243,2439999
0.10000000894069672,0.00280865584500134,0.0004335897392593324,2.2970399856567383,2.9325003623962402,1.7927448749542236,40,48.7,50.0,48.7,55,2501,2501.0,2501,100000,2455000,981,40.1,2501.0,244,2449999
0.10000000894069672,0.0026091134641319513,0.0003811368078459054,2.287368059158325,2.9048101902008057,1.7830743789672852,34,46.4,48.0,46.4,54,2501,2501.0,2501,100000,2465000,985,41.5,2501.0,245,2459999
0.10000000894069672,0.0027793787885457277,0.0004041312786284834,2.2857067584991455,2.901520013809204,1.7718719244003296,13,40.8,43.0,40.8,50,2501,2501.0,2501,100000,2475000,989,42.5,2501.0,246,2469999
0.10000000894069672,0.0028174868784844875,0.00039920798735693097,2.2843477725982666,2.903485059738159,1.761684775352478,45,50.1,49.5,50.1,57,2501,2501.0,2501,100000,2485000,993,43.5,2501.0,247,2479999
0.10000000894069672,0.0028047123923897743,0.0003783533175010234,2.270223379135132,2.888964891433716,1.7552499771118164,43,51.9,52.0,51.9,58,2501,2501.0,2501,100000,2495000,997,41.9,2501.0,248,2489999
0.10000000894069672,0.0028891367837786674,0.00033969024661928415,2.2713608741760254,2.885366201400757,1.7406933307647705,46,49.9,49.5,49.9,55,2501,2501.0,2501,100000,2505000,1001,41.5,2501.0,249,2499999
0.10000000894069672,0.002791969571262598,0.00037380584399215877,2.276136636734009,2.890665292739868,1.7434660196304321,42,49.5,49.0,49.5,59,2501,2501.0,2501,100000,2515000,1005,40.2,2501.0,250,2509999
0.10000000894069672,0.0026628219056874514,0.00034777153632603586,2.2640936374664307,2.888404607772827,1.7423897981643677,38,44.5,46.0,44.5,50,2501,2501.0,2501,100000,2525000,1009,39.6,2501.0,251,2519999
0.10000000894069672,0.0026376189198344946,0.0003440303262323141,2.2552919387817383,2.870483875274658,1.7342171669006348,45,48.7,49.0,48.7,56,2501,2501.0,2501,100000,2535000,1013,40.1,2501.0,252,2529999
0.10000000894069672,0.00262854783795774,0.0003092097758781165,2.2628023624420166,2.893458366394043,1.75106680393219,42,47.1,46.5,47.1,53,2501,2501.0,2501,100000,2545000,1017,41.1,2501.0,253,2539999
0.10000000894069672,0.002773742889985442,0.0003838108677882701,2.2792937755584717,2.918330430984497,1.7781034708023071,0,36.1,39.5,36.1,44,2501,2501.0,2501,100000,2555000,1021,41.2,2501.0,254,2549999
0.10000000894069672,0.0028134838212281466,0.000375713367247954,2.28586483001709,2.910943031311035,1.7766677141189575,43,48.4,49.0,48.4,52,2501,2501.0,2501,100000,2565000,1025,40.6,2501.0,255,2559999
0.10000000894069672,0.002806615550071001,0.00037557099130935967,2.2904930114746094,2.930980682373047,1.7869486808776855,43,49.4,50.0,49.4,56,2501,2501.0,2501,100000,2575000,1029,41.5,2501.0,256,2569999
0.10000000894069672,0.002853715792298317,0.00044475620961748064,2.2916715145111084,2.914403200149536,1.7947514057159424,25,45.5,48.5,45.5,54,2501,2501.0,2501,100000,2585000,1033,41.1,2501.0,257,2579999
0.10000000894069672,0.002865787595510483,0.00047008032561279833,2.272437572479248,2.893298864364624,1.7707570791244507,35,42.2,41.5,42.2,48,2501,2501.0,2501,100000,2595000,1037,40.1,2501.0,258,2589999
0.10000000894069672,0.0028351624496281147,0.0004300890432205051,2.2637012004852295,2.8979108333587646,1.7614684104919434,44,47.5,47.5,47.5,51,2501,2501.0,2501,100000,2605000,1041,39.2,2501.0,259,2599999
0.10000000894069672,0.0028922331985086203,0.00044074910692870617,2.2628092765808105,2.887136936187744,1.7582952976226807,46,49.3,48.5,49.3,54,2501,2501.0,2501,100000,2615000,1045,40.5,2501.0,260,2609999
0.10000000894069672,0.0029572867788374424,0.0004606079019140452,2.2702643871307373,2.8768348693847656,1.7550421953201294,43,48.0,50.0,48.0,51,2501,2501.0,2501,100000,2625000,1049,41.4,2501.0,261,2619999
0.10000000894069672,0.0027709361165761948,0.0003493879921734333,2.2722480297088623,2.8921761512756348,1.7599111795425415,34,50.1,50.5,50.1,57,2501,2501.0,2501,100000,2635000,1053,41.4,2501.0,262,2629999
0.10000000894069672,0.0028737911488860846,0.0003143050125800073,2.297215700149536,2.9107508659362793,1.7671048641204834,44,48.7,48.5,48.7,53,2501,2501.0,2501,100000,2645000,1057,41.8,2501.0,263,2639999
0.10000000894069672,0.003069274127483368,0.0004709807981271297,2.3176324367523193,2.9340384006500244,1.793125033378601,47,50.5,50.5,50.5,53,2501,2501.0,2501,100000,2655000,1061,41.1,2501.0,264,2649999
0.10000000894069672,0.002723223064094782,0.0004042146319989115,2.3110194206237793,2.9392926692962646,1.8052871227264404,44,50.4,50.5,50.4,54,2501,2501.0,2501,100000,2665000,1065,42.5,2501.0,265,2659999
0.10000000894069672,0.0027316901832818985,0.00037017022259533405,2.300507068634033,2.9354491233825684,1.8033183813095093,44,50.2,50.5,50.2,55,2501,2501.0,2501,100000,2675000,1069,42.4,2501.0,266,2669999
0.10000000894069672,0.00277425698004663,0.00039158211438916624,2.302969217300415,2.9231362342834473,1.7958078384399414,27,44.5,44.5,44.5,54,2501,2501.0,2501,100000,2685000,1073,41.6,2501.0,267,2679999
0.10000000894069672,0.0027588680386543274,0.0004248924378771335,2.285724639892578,2.906855583190918,1.7720460891723633,41,46.1,47.0,46.1,50,2501,2501.0,2501,100000,2695000,1077,43.6,2501.0,268,2689999
0.10000000894069672,0.0028771949000656605,0.00044022555812262,2.27062726020813,2.8889987468719482,1.7403857707977295,36,45.6,46.5,45.6,53,2501,2501.0,2501,100000,2705000,1081,44.4,2501.0,269,2699999
0.10000000894069672,0.002768314443528652,0.0004026753013022244,2.271300792694092,2.888197660446167,1.7465929985046387,39,47.9,49.0,47.9,53,2501,2501.0,2501,100000,2715000,1085,44.1,2501.0,270,2709999
0.10000000894069672,0.0026029436849057674,0.0003104949137195945,2.280182123184204,2.902453660964966,1.7606085538864136,47,50.0,50.0,50.0,55,2501,2501.0,2501,100000,2725000,1089,42.1,2501.0,271,2719999
0.10000000894069672,0.002734918612986803,0.00043254767660982907,2.2803144454956055,2.902226448059082,1.7600312232971191,27,49.7,52.5,49.7,59,2501,2501.0,2501,100000,2735000,1093,41.6,2501.0,272,2729999
0.10000000894069672,0.0027082993183285,0.0004191023763269186,2.2642481327056885,2.88802433013916,1.7470800876617432,37,47.4,49.0,47.4,53,2501,2501.0,2501,100000,2745000,1097,42.4,2501.0,273,2739999
0.10000000894069672,0.0026931441389024258,0.00035707245115190744,2.263193130493164,2.888321876525879,1.745378851890564,37,50.2,51.0,50.2,55,2501,2501.0,2501,100000,2755000,1101,44.6,2501.0,274,2749999
0.10000000894069672,0.0027258298359811306,0.00041423377115279436,2.260979175567627,2.8762848377227783,1.7455763816833496,48,53.7,55.0,53.7,58,2501,2501.0,2501,100000,2765000,1105,45.7,2501.0,275,2759999
0.10000000894069672,0.002794435014948249,0.00044779511517845094,2.2547545433044434,2.863529682159424,1.7473558187484741,45,50.1,51.0,50.1,52,2501,2501.0,2501,100000,2775000,1109,44.4,2501.0,276,2769999
0.10000000894069672,0.002669563051313162,0.0004014823934994638,2.2506051063537598,2.8621320724487305,1.7410120964050293,15,49.1,52.0,49.1,61,2501,2501.0,2501,100000,2785000,1113,43.8,2501.0,277,2779999
0.10000000894069672,0.002729960950091481,0.0003930178936570883,2.2725086212158203,2.89078426361084,1.761741042137146,43,48.5,48.0,48.5,56,2501,2501.0,2501,100000,2795000,1117,45.0,2501.0,278,2789999
0.10000000894069672,0.002808088669553399,0.00043478779844008386,2.2572858333587646,2.862588882446289,1.7441192865371704,44,50.1,50.5,50.1,54,2501,2501.0,2501,100000,2805000,1121,44.5,2501.0,279,2799999
0.10000000894069672,0.0027761519886553288,0.00045413943007588387,2.2498466968536377,2.8631277084350586,1.7488605976104736,34,50.1,52.0,50.1,56,2501,2501.0,2501,100000,2815000,1125,43.3,2501.0,280,2809999
0.10000000894069672,0.0026930132880806923,0.00041634959052316844,2.251772165298462,2.871023654937744,1.7628629207611084,39,49.0,48.5,49.0,55,2501,2501.0,2501,100000,2825000,1129,43.4,2501.0,281,2819999
0.10000000894069672,0.0027738206554204226,0.0004108593857381493,2.257126808166504,2.8702008724212646,1.7639267444610596,45,53.5,55.0,53.5,57,2501,2501.0,2501,100000,2835000,1133,44.5,2501.0,282,2829999
